{"stats":{"minecraft:crafted":{"regions_unexplored:larch_planks":12,"minecraft:crafting_table":1,"minecraft:stone_axe":1,"minecraft:stick":4,"minecraft:wooden_pickaxe":1},"minecraft:mined":{"regions_unexplored:larch_log":6,"minecraft:stone":4,"treechop:chopped_log":2,"minecraft:crafting_table":1},"minecraft:picked_up":{"minecraft:crafting_table":1,"minecraft:stick":1,"regions_unexplored:larch_log":8,"minecraft:cobblestone":4},"minecraft:used":{"minecraft:stone_axe":18,"minecraft:crafting_table":1,"minecraft:wooden_pickaxe":4},"minecraft:custom":{"minecraft:time_since_rest":5256,"minecraft:crouch_one_cm":263,"minecraft:play_time":5256,"minecraft:sprint_one_cm":2570,"minecraft:damage_taken":20,"minecraft:walk_one_cm":5944,"minecraft:sneak_time":333,"minecraft:jump":32,"minecraft:leave_game":1,"minecraft:time_since_death":5256,"minecraft:total_world_time":5256,"minecraft:interact_with_crafting_table":3,"minecraft:fall_one_cm":1686,"minecraft:fly_one_cm":3746}},"DataVersion":3465}